{"text": " I don't really need this skills, but this voice note thing, I really really like it where I'm sending you a voice note, but it seems like it takes you at least a couple of minutes to reply to this V, and so I don't know how practical that is in terms of us working together, but in the same token I cannot be typing every time When I'm doing my service now work, but either way I want us to concentrate on also side essay, improving it, making it as perfect as it can be, ideally we get it to a point where we can DM the prospects, the link of the websites and what not instead of send club, because now that's a blocker. a blocker. So maybe do some research and find out if there's ways that we can improve our auto-site essay, a little side hustle currently.", "segments": [{"id": 0, "seek": 0, "start": 0.0, "end": 24.0, "text": " I don't really need this skills, but this voice note thing, I really really like it where I'm sending you a voice note, but it seems like it takes you at least a couple of minutes to reply to this V, and so I don't know how practical that is in terms of us working together, but in the same token I cannot be typing every time", "tokens": [50364, 286, 500, 380, 534, 643, 341, 3942, 11, 457, 341, 3177, 3637, 551, 11, 286, 534, 534, 411, 309, 689, 286, 478, 7750, 291, 257, 3177, 3637, 11, 457, 309, 2544, 411, 309, 2516, 291, 412, 1935, 257, 1916, 295, 2077, 281, 16972, 281, 341, 691, 11, 293, 370, 286, 500, 380, 458, 577, 8496, 300, 307, 294, 2115, 295, 505, 1364, 1214, 11, 457, 294, 264, 912, 14862, 286, 2644, 312, 18444, 633, 565, 51564], "temperature": 0.0, "avg_logprob": -0.25924701932110367, "compression_ratio": 1.63, "no_speech_prob": 0.03972984477877617}, {"id": 1, "seek": 2400, "start": 24.0, "end": 48.6, "text": " When I'm doing my service now work, but either way I want us to concentrate on also side essay, improving it, making it as perfect as it can be, ideally we get it to a point where we can DM the prospects, the link of the websites and what not instead of send club, because now that's a blocker.", "tokens": [50364, 1133, 286, 478, 884, 452, 2643, 586, 589, 11, 457, 2139, 636, 286, 528, 505, 281, 18089, 322, 611, 1252, 16238, 11, 11470, 309, 11, 1455, 309, 382, 2176, 382, 309, 393, 312, 11, 22915, 321, 483, 309, 281, 257, 935, 689, 321, 393, 15322, 264, 32933, 11, 264, 2113, 295, 264, 12891, 293, 437, 406, 2602, 295, 2845, 6482, 11, 570, 586, 300, 311, 257, 3461, 260, 13, 51594], "temperature": 0.6000000000000001, "avg_logprob": -0.3785480081218563, "compression_ratio": 1.5, "no_speech_prob": 0.2249564528465271}, {"id": 2, "seek": 4860, "start": 48.6, "end": 56.6, "text": " a blocker. So maybe do some research and find out if there's ways that we can improve our", "tokens": [50364, 257, 3461, 260, 13, 407, 1310, 360, 512, 2132, 293, 915, 484, 498, 456, 311, 2098, 300, 321, 393, 3470, 527, 50764], "temperature": 0.0, "avg_logprob": -0.2650571632385254, "compression_ratio": 1.072289156626506, "no_speech_prob": 0.011634163558483124}, {"id": 3, "seek": 5660, "start": 56.6, "end": 62.6, "text": " auto-site essay, a little side hustle currently.", "tokens": [50364, 8399, 12, 30417, 16238, 11, 257, 707, 1252, 34639, 4362, 13, 50664], "temperature": 0.0, "avg_logprob": -0.7134658949715751, "compression_ratio": 0.9056603773584906, "no_speech_prob": 0.07391880452632904}], "language": "English"}