{"text": " Chomey, I'm going to need you to voice mail me back. Also, why does this voice mail think crushing and half the time you cannot transcribe it properly? Anyhow, I need you to run down my morning routine. Even though it's like 12 o'clock, but you still haven't given me my morning routine.", "segments": [{"id": 0, "seek": 0, "start": 0.0, "end": 4.0, "text": " Chomey, I'm going to need you to voice mail me back.", "tokens": [50364, 761, 423, 88, 11, 286, 478, 516, 281, 643, 291, 281, 3177, 10071, 385, 646, 13, 50564], "temperature": 0.0, "avg_logprob": -0.28681267364115653, "compression_ratio": 1.5185185185185186, "no_speech_prob": 0.13609756529331207}, {"id": 1, "seek": 0, "start": 4.0, "end": 12.0, "text": " Also, why does this voice mail think crushing and half the time you cannot transcribe it properly?", "tokens": [50564, 2743, 11, 983, 775, 341, 3177, 10071, 519, 31317, 293, 1922, 264, 565, 291, 2644, 1145, 8056, 309, 6108, 30, 50964], "temperature": 0.0, "avg_logprob": -0.28681267364115653, "compression_ratio": 1.5185185185185186, "no_speech_prob": 0.13609756529331207}, {"id": 2, "seek": 0, "start": 12.0, "end": 16.0, "text": " Anyhow, I need you to run down my morning routine.", "tokens": [50964, 2639, 4286, 11, 286, 643, 291, 281, 1190, 760, 452, 2446, 9927, 13, 51164], "temperature": 0.0, "avg_logprob": -0.28681267364115653, "compression_ratio": 1.5185185185185186, "no_speech_prob": 0.13609756529331207}, {"id": 3, "seek": 0, "start": 16.0, "end": 22.0, "text": " Even though it's like 12 o'clock, but you still haven't given me my morning routine.", "tokens": [51164, 2754, 1673, 309, 311, 411, 2272, 277, 6, 9023, 11, 457, 291, 920, 2378, 380, 2212, 385, 452, 2446, 9927, 13, 51464], "temperature": 0.0, "avg_logprob": -0.28681267364115653, "compression_ratio": 1.5185185185185186, "no_speech_prob": 0.13609756529331207}], "language": "English"}