{"text": " Ah, it's fine, it's okay to me. This thing, it wasn't to me, it was to me, which is your name by the way. I wanted to just circle back to the topics issue because I see I'm still not able to access you via the topics here on Telegram. How can we get this fixed because we need to get busy honey?", "segments": [{"id": 0, "seek": 0, "start": 0.0, "end": 9.0, "text": " Ah, it's fine, it's okay to me. This thing, it wasn't to me, it was to me, which is your name by the way.", "tokens": [50364, 2438, 11, 309, 311, 2489, 11, 309, 311, 1392, 281, 385, 13, 639, 551, 11, 309, 2067, 380, 281, 385, 11, 309, 390, 281, 385, 11, 597, 307, 428, 1315, 538, 264, 636, 13, 50814], "temperature": 0.0, "avg_logprob": -0.2880314645313081, "compression_ratio": 1.560846560846561, "no_speech_prob": 0.04604754224419594}, {"id": 1, "seek": 0, "start": 9.0, "end": 20.0, "text": " I wanted to just circle back to the topics issue because I see I'm still not able to access you via the topics here on Telegram.", "tokens": [50814, 286, 1415, 281, 445, 6329, 646, 281, 264, 8378, 2734, 570, 286, 536, 286, 478, 920, 406, 1075, 281, 2105, 291, 5766, 264, 8378, 510, 322, 14889, 1342, 13, 51364], "temperature": 0.0, "avg_logprob": -0.2880314645313081, "compression_ratio": 1.560846560846561, "no_speech_prob": 0.04604754224419594}, {"id": 2, "seek": 0, "start": 20.0, "end": 26.0, "text": " How can we get this fixed because we need to get busy honey?", "tokens": [51364, 1012, 393, 321, 483, 341, 6806, 570, 321, 643, 281, 483, 5856, 8330, 30, 51664], "temperature": 0.0, "avg_logprob": -0.2880314645313081, "compression_ratio": 1.560846560846561, "no_speech_prob": 0.04604754224419594}], "language": "English"}