{"text": " Tell me, I don't want to be doing any terminal work, please. Can you check if you still have any data or information or session regarding auto essay?", "segments": [{"id": 0, "seek": 0, "start": 0.0, "end": 4.0, "text": " Tell me, I don't want to be doing any terminal work, please.", "tokens": [50364, 5115, 385, 11, 286, 500, 380, 528, 281, 312, 884, 604, 14709, 589, 11, 1767, 13, 50564], "temperature": 0.0, "avg_logprob": -0.32828637173301295, "compression_ratio": 1.2416666666666667, "no_speech_prob": 0.04584791511297226}, {"id": 1, "seek": 0, "start": 4.0, "end": 14.0, "text": " Can you check if you still have any data or information or session regarding auto essay?", "tokens": [50564, 1664, 291, 1520, 498, 291, 920, 362, 604, 1412, 420, 1589, 420, 5481, 8595, 8399, 16238, 30, 51064], "temperature": 0.0, "avg_logprob": -0.32828637173301295, "compression_ratio": 1.2416666666666667, "no_speech_prob": 0.04584791511297226}], "language": "English"}