{"text": " Oh my god, Tommy, that's awesome! Welcome back! It's been over a month. I have missed you, Sana.", "segments": [{"id": 0, "seek": 0, "start": 0.0, "end": 8.0, "text": " Oh my god, Tommy, that's awesome! Welcome back! It's been over a month. I have missed you, Sana.", "tokens": [50364, 876, 452, 3044, 11, 19448, 11, 300, 311, 3476, 0, 4027, 646, 0, 467, 311, 668, 670, 257, 1618, 13, 286, 362, 6721, 291, 11, 29200, 13, 50764], "temperature": 0.0, "avg_logprob": -0.5921358108520508, "compression_ratio": 1.054945054945055, "no_speech_prob": 0.06239934265613556}], "language": "English"}