{"text": " It's not, you don't have the context, you don't have the people's names, their numbers, their emails, all the things that you need, which is why it's important for us to get the emails right. How are we going to do autosite, SA, all these things that we are planning to do if you cannot get the emails, gateway up and running? I do not want to have to do this myself, you understand?", "segments": [{"id": 0, "seek": 0, "start": 0.0, "end": 13.0, "text": " It's not, you don't have the context, you don't have the people's names, their numbers, their emails, all the things that you need, which is why it's important for us to get the emails right.", "tokens": [50364, 467, 311, 406, 11, 291, 500, 380, 362, 264, 4319, 11, 291, 500, 380, 362, 264, 561, 311, 5288, 11, 641, 3547, 11, 641, 12524, 11, 439, 264, 721, 300, 291, 643, 11, 597, 307, 983, 309, 311, 1021, 337, 505, 281, 483, 264, 12524, 558, 13, 51014], "temperature": 0.0, "avg_logprob": -0.18852046928783456, "compression_ratio": 1.7649769585253456, "no_speech_prob": 0.07014917582273483}, {"id": 1, "seek": 0, "start": 13.0, "end": 23.0, "text": " How are we going to do autosite, SA, all these things that we are planning to do if you cannot get the emails, gateway up and running?", "tokens": [51014, 1012, 366, 321, 516, 281, 360, 1476, 329, 642, 11, 16482, 11, 439, 613, 721, 300, 321, 366, 5038, 281, 360, 498, 291, 2644, 483, 264, 12524, 11, 28532, 493, 293, 2614, 30, 51514], "temperature": 0.0, "avg_logprob": -0.18852046928783456, "compression_ratio": 1.7649769585253456, "no_speech_prob": 0.07014917582273483}, {"id": 2, "seek": 0, "start": 23.0, "end": 27.0, "text": " I do not want to have to do this myself, you understand?", "tokens": [51514, 286, 360, 406, 528, 281, 362, 281, 360, 341, 2059, 11, 291, 1223, 30, 51714], "temperature": 0.0, "avg_logprob": -0.18852046928783456, "compression_ratio": 1.7649769585253456, "no_speech_prob": 0.07014917582273483}], "language": "English"}